Название,Цена,Ссылка
Офисное кресло Эльнор Velvet Beige,2999руб.,https://www.divan.ru/product/ofisnoe-kreslo-elnor-velvet-beige
Офисное кресло Маркс Black,1665руб.,https://www.divan.ru/product/ofisnoe-kreslo-marks-black
Офисное кресло Элисон Wood,4499руб.,https://www.divan.ru/product/ofisnoe-kreslo-elison-wood
Офисное кресло Стивен Beige,2165руб.,https://www.divan.ru/product/ofisnoe-kreslo-stiven-beige
Офисное кресло Даррел Red,3832руб.,https://www.divan.ru/product/ofisnoe-kreslo-darrel-red
Офисное кресло Эльнор Velvet Grey,2999руб.,https://www.divan.ru/product/ofisnoe-kreslo-elnor-velvet-grey
Офисное кресло Дейзи Bucle Light Grey,2665руб.,https://www.divan.ru/product/ofisnoe-kreslo-dejzi-bucle-light-grey
Офисное кресло Кенди Grey,3165руб.,https://www.divan.ru/product/ofisnoe-kreslo-kendi-grey
Офисное кресло Ирвин Textile Beige,1665руб.,https://www.divan.ru/product/ofisnoe-kreslo-irvin-textile-beige
Офисное кресло Айвин Velvet Beige,2665руб.,https://www.divan.ru/product/ofisnoe-kreslo-ajvin-velvet-beige
Офисное кресло Корнелл Grey,1999руб.,https://www.divan.ru/product/ofisnoe-kreslo-kornell-grey
Офисное кресло Марти-2 Velvet Beige,1999руб.,https://www.divan.ru/product/ofisnoe-kreslo-marti-2-velvet-beige
Офисное кресло Даррел Blue,3832руб.,https://www.divan.ru/product/ofisnoe-kreslo-darrel-blue
Офисное кресло Кирби Mint,2832руб.,https://www.divan.ru/product/ofisnoe-kreslo-kirbi-mint
Офисное кресло Терри Textile Grey,1665руб.,https://www.divan.ru/product/ofisnoe-kreslo-terri-textile-grey
Офисное кресло Эльнор Velvet Orange,2999руб.,https://www.divan.ru/product/ofisnoe-kreslo-elnor-velvet-orange
Офисное кресло Марси Textile Grey,1915руб.,https://www.divan.ru/product/ofisnoe-kreslo-marsi-textile-grey
Офисное кресло Дейзи Bucle Grey,2665руб.,https://www.divan.ru/product/ofisnoe-kreslo-dejzi-bucle-grey
Офисное кресло Фрей Textile Beige,2832руб.,https://www.divan.ru/product/ofisnoe-kreslo-frej-textile-beige
Офисное кресло Айвин Velvet Grey,2665руб.,https://www.divan.ru/product/ofisnoe-kreslo-ajvin-velvet-grey
Офисное кресло Кенди Green,3165руб.,https://www.divan.ru/product/ofisnoe-kreslo-kendi-green
Офисное кресло Ирвин-1 Textile Olive,1665руб.,https://www.divan.ru/product/ofisnoe-kreslo-irvin-1-textile-olive
Офисное кресло Тингл Textile Grey,2499руб.,https://www.divan.ru/product/ofisnoe-kreslo-tingl-textile-grey
Офисное кресло Даррел Grey,3832руб.,https://www.divan.ru/product/ofisnoe-kreslo-darrel-grey
Офисное кресло Бетси Velvet Beige,4332руб.,https://www.divan.ru/product/ofisnoe-kreslo-betsi-velvet-beige
Офисное кресло Терри Textile Blue,1665руб.,https://www.divan.ru/product/ofisnoe-kreslo-terri-textile-blue
Офисное кресло Кирби Orange,2832руб.,https://www.divan.ru/product/ofisnoe-kreslo-kirbi-orange
Офисное кресло Эльнор Velvet Blue,2999руб.,https://www.divan.ru/product/ofisnoe-kreslo-elnor-velvet-blue
Офисное кресло Кенди Orange,3165руб.,https://www.divan.ru/product/ofisnoe-kreslo-kendi-orange
Офисное кресло Эшли Textile Olive,1999руб.,https://www.divan.ru/product/ofisnoe-kreslo-eshli-textile-olive
Офисное кресло Ирвин-1 Textile Dark Grey,1665руб.,https://www.divan.ru/product/ofisnoe-kreslo-irvin-1-textile-dark-grey
Офисное кресло Клип Eco Grey,1999руб.,https://www.divan.ru/product/ofisnoe-kreslo-klip-eco-grey
Офисное кресло Фрей Textile Sky,2832руб.,https://www.divan.ru/product/ofisnoe-kreslo-frej-textile-sky
Офисное кресло Тингл Black,2165руб.,https://www.divan.ru/product/ofisnoe-kreslo-tingl-black
Офисное кресло Стивен Dark Grey,2165руб.,https://www.divan.ru/product/ofisnoe-kreslo-stiven-dark-grey
Офисное кресло Дейзи Textile Olive,2665руб.,https://www.divan.ru/product/ofisnoe-kreslo-dejzi-textile-olive
Офисное кресло Эшли Textile Yellow,2165руб.,https://www.divan.ru/product/ofisnoe-kreslo-eshli-textile-yellow
Офисное кресло Марси-1 Textile Grey,1915руб.,https://www.divan.ru/product/ofisnoe-kreslo-marsi-1-textile-grey
Офисное кресло Ирвин Textile Grey,1665руб.,https://www.divan.ru/product/ofisnoe-kreslo-irvin-textile-grey
Офисное кресло Кенди Yellow,3165руб.,https://www.divan.ru/product/ofisnoe-kreslo-kendi-yellow
Офисное кресло Меган-1 Velvet Grey,1832руб.,https://www.divan.ru/product/ofisnoe-kreslo-megan-1-velvet-grey
Офисное кресло Клип Eco Brown,1999руб.,https://www.divan.ru/product/ofisnoe-kreslo-klip-eco-brown
Офисное кресло Майк Black,2449руб.,https://www.divan.ru/product/ofisnoe-kreslo-majk-black
Офисное кресло Филиус Brown,2715руб.,https://www.divan.ru/product/ofisnoe-kreslo-filius-brown
Офисное кресло Сити С Black,1915руб.,https://www.divan.ru/product/ofisnoe-kreslo-city-s-black
Офисное кресло Клерк Black,1665руб.,https://www.divan.ru/product/ofisnoe-kreslo-klerk-black
Офисное кресло Сиана Grey,1999руб.,https://www.divan.ru/product/ofisnoe-kreslo-siana-grey
Офисное кресло Topchairs City бежевый,2282руб.,https://www.divan.ru/product/ofisnoe-kreslo-topchairs-city-bejevyj
